Type,Name,Request Count,Failure Count,Median Response Time,Average Response Time,Min Response Time,Max Response Time,Average Content Size,Requests/s,Failures/s,50%,66%,75%,80%,90%,95%,98%,99%,99.9%,99.99%,100%
POST,/urls,5027,0,9,32.30927363104295,5.6258749682456255,665.3112500207499,16.0,58.423430224893906,0.0,9,11,15,60,78,160,220,290,550,670,670
,Aggregated,5027,0,9,32.30927363104295,5.6258749682456255,665.3112500207499,16.0,58.423430224893906,0.0,9,11,15,60,78,160,220,290,550,670,670
