Type,Name,Request Count,Failure Count,Median Response Time,Average Response Time,Min Response Time,Max Response Time,Average Content Size,Requests/s,Failures/s,50%,66%,75%,80%,90%,95%,98%,99%,99.9%,99.99%,100%
GET,/:shortCode,29666,5793,67,316.3525399228306,0.7536249468103051,24808.76354209613,35.14177846693184,360.647372829972,70.4250735119001,67,240,330,380,550,710,1300,5400,19000,24000,25000
POST,/urls,283,52,220.0,454.75998250092954,1.0328330099582672,22071.977540967055,15.081272084805654,3.440410116324482,0.632160162716866,220,520,610,720,880,1000,1300,3600,22000,22000,22000
,Aggregated,29949,5845,68,317.6604068382405,0.7536249468103051,24808.76354209613,34.95221877191225,364.08778294629656,71.05723367461695,68,240,330,390,560,720,1300,5400,19000,24000,25000
