Type,Name,Request Count,Failure Count,Median Response Time,Average Response Time,Min Response Time,Max Response Time,Average Content Size,Requests/s,Failures/s,50%,66%,75%,80%,90%,95%,98%,99%,99.9%,99.99%,100%
GET,/:shortCode,309918,0,21,31.20885769680249,1.9584589172154665,1218.6947910813615,70.0,840.4526735207413,0.0,21,29,35,40,60,86,140,200,490,870,1200
POST,/urls,3083,0,67,99.52446875932584,9.30166698526591,1129.580624983646,16.0,8.360648921535521,0.0,67,91,110,140,200,290,440,540,890,1100,1100
,Aggregated,313001,0,21,31.881753402905296,1.9584589172154665,1218.6947910813615,69.46811032552611,848.8133224422769,0.0,21,29,36,41,61,89,150,200,510,880,1200
