Type,Name,Request Count,Failure Count,Median Response Time,Average Response Time,Min Response Time,Max Response Time,Average Content Size,Requests/s,Failures/s,50%,66%,75%,80%,90%,95%,98%,99%,99.9%,99.99%,100%
GET,/:shortCode,68578,0,48,64.05513121597211,2.0817919867113233,2265.086874947883,41.0,395.1606534949865,0.0,48,60,70,77,100,140,240,320,1100,1900,2300
POST,/urls,13777,6858,1100.0,928.6275551444791,9.148790966719389,3085.5851670494303,33.92030195252958,79.38593022835937,39.51721779096237,1100,1300,1300,1300,1500,1600,1700,1800,2200,3000,3100
,Aggregated,82355,6858,55,208.6876888562269,2.0817919867113233,3085.5851670494303,39.81565175156335,474.54658372334586,39.51721779096237,55,75,99,140,860,1300,1400,1500,1900,2300,3100
